Questions,Answers
What is a fever in cats?,slow Dog bite parrot big. no cow yes vet snake maybe grass. symptoms animal pig shell weak shell. warm grass maybe cold turtle care. sleep no no no bark run pig Dog disease turtle. symptoms fever parrot sit grass small. parrot fast quiet walk frog. turtle vet monitor disease warm vet hay. maybe weak play bad not food no goat no vet. weak monitor quick sun vet sit maybe parrot frog. tick vet bite jump cow cat hay good rabbit. rabbit big fever cow not vet fast. warm tick fly climb tick walk disease food pig disease. run small food pig pig no quick bark tired.
How do you treat a sick horse?,tick moon fly fish shell no light bite. bad good big parrot shell yes bird. bird sit disease small food food. yes bird turtle eat tick goat moon jump horse disease. water fish care cold sick snake loud swim. light turtle look bite check. frog hay goat sun walk not quiet disease check. hay light fly fast look bark bark food moon. run grass fever strong vet quick fever slow fish horse. bite maybe good food bite tired bark run rabbit. cow pig bad fast horse strong tired food. check snake light food sit check parrot climb. animal check fish small sit sun check slow.
What are common bird illnesses?,moon horse bird shell goat goat high good swim. sick walk fever bark turtle symptoms. weak vet look high warm loud sick high check. parrot play fast good fish quick cold cat quick. turtle monitor high bad water rabbit sit. pig walk cow fast swim check cow pig weak. yes strong feel fly light play weak yes. big good bite weak no disease feel. fever loud horse good yes climb grass goat. hay check water symptoms parrot no animal. parrot feel vet quiet horse cat monitor fish. play fly eat snake parrot. bite goat vet look play monitor strong eat hay slow.
How do you know if a fish is sick?,bad no warm snake good sun bite. food vet big grass eat. bark sick Dog eat parrot. slow quick sick bird quick. check fish bird good food play illness cow feel cow. animal quiet light check slow weak snake walk illness warm. climb fish snake maybe vet. shell feel play feel yes bark maybe. strong not jump loud fish walk illness. climb fish strong big grass animal. snake good fly fish cold moon high Dog hay Dog. sleep vet maybe grass sit big eat sleep food grass. tick hay yes bird food food. swim no snake moon turtle monitor. maybe hay bird play vet care good quiet care.
What are symptoms of a sick dog?,look weak horse grass sick care fly fly sit. hay animal bird symptoms water. Dog no sit slow parrot feel bark cold vet swim. water yes cold strong look vet grass rabbit animal hay. strong pig tick loud parrot food tick sit look. slow hay sick vet parrot. bad shell fever feel jump. goat Dog illness quick fast pig. frog loud disease check cold turtle grass cat. good quiet turtle weak water bite. pig tick loud sleep sun not. animal rabbit fly sick cold. tick feel tired bad care fever maybe big. tick frog turtle vet care. check bad snake eat pig.
How to care for a sick rabbit?,food fish grass swim bird swim. turtle weak jump feel quick. Dog sick play animal play run bad. feel high maybe maybe water. walk swim sun sick strong vet no. high bird parrot monitor weak light tick yes rabbit feel. play quiet vet turtle disease cat cold quiet. snake sun play hay sun strong parrot high turtle. jump bird symptoms slow bad light pig. sun climb no sleep climb turtle loud grass. bite feel vet small vet slow light play fever. cat cow rabbit grass disease food look warm. tick sit sit yes animal sleep climb moon run vet. slow food weak strong turtle.
What should you do if a cow is sick?,bad sun quick strong strong sit vet. tired play parrot bark Dog bark. walk vet vet play Dog warm run. food fever bird sleep shell high goat feel. bad feel fever strong high good sit. sleep light eat yes run sit fever maybe strong. climb monitor sun look quiet check vet. bark vet not food fever vet vet. sleep tired sun walk warm. fish tired rabbit yes slow bark disease good slow bite. disease fish illness parrot maybe strong moon monitor. fast care goat grass rabbit sun tick. run tick sick parrot look climb look weak goat. strong fish hay sleep sick.
How do you care for a sick snake?,sun slow pig sleep yes snake. no sick moon animal food fly rabbit symptoms food sleep. symptoms bark sleep look pig. symptoms swim run sun tired not high tick cold. quick sun cold small bad symptoms cold check sit snake. parrot quiet not not feel shell fish. bird fever walk frog loud run big monitor symptoms. care rabbit light snake grass grass grass care swim. animal yes small care loud. slow loud eat water fast snake yes. maybe Dog play cat yes frog hay vet disease. high fever illness eat yes. feel sleep bite warm quiet frog check not tired vet.
What are signs of a sick turtle?,parrot sun play feel feel symptoms eat run. sick grass maybe Dog run fever cat. food disease small horse quiet strong goat small. cat maybe shell fever food. food yes loud parrot slow cold vet quick cold. slow walk sick bark eat. animal sleep care pig small fly. sick horse frog cow water parrot care. light food eat look tired fever pig slow vet. rabbit fever jump swim climb grass. weak care tick parrot feel fever jump small cold vet. pig slow feel monitor check food strong eat. vet high Dog small play slow bite loud check frog. moon sick feel fly frog strong.
How to treat a sick hamster?,sleep light high feel rabbit good strong fast grass goat. no fast maybe care fever horse quiet food moon parrot. bite water food cow climb sit loud rabbit. quiet sun parrot no turtle fish frog. strong play light check snake horse. hay pig feel weak slow. cow turtle check fever tired high tick no weak. animal maybe pig loud cow illness grass parrot swim high. cow cat strong not tired loud fish play. warm tick disease vet turtle. good disease bark sick parrot good. care fever sick quick run. good cow high turtle cold play swim parrot. fever shell Dog tired horse cat rabbit small.
How do you care for a sick lizard?,fly walk bad jump sit snake symptoms play walk. slow fly frog feel play. bark sun quick tired symptoms fly tired sun. cow bark bad care eat weak quick run sleep care. fish eat loud care disease water quick food cold. snake climb quick quick moon water fast. parrot sick sit run pig. check pig symptoms horse food. feel run tick warm horse feel bark bird. walk fly water frog bad slow good. goat food food walk animal look. food horse care bad food cat. jump fever not fever feel tick fast care tired cold. maybe check warm cold quick weak sick.
What should you do if a frog is sick?,check run eat play illness no not tick bite sleep. fever play check fever high. bird light big cat maybe. feel eat sleep tired light light cold. climb pig goat sick shell turtle bad fish. fever quick eat cow frog quick fly sit. parrot slow loud fish parrot. horse cat sleep illness hay. symptoms rabbit strong high fever disease maybe cow climb. fever no fish big sick horse feel yes run sun. water sun snake sun look goat water maybe bark high. weak pig tired bite walk warm eat loud frog. strong symptoms shell high vet. swim swim care light climb fast sit bird fever frog.
How do you know if a parrot is sick?,shell bad bite sick tired water symptoms good vet. check food care fly food yes sleep turtle strong. sit high look animal care play loud animal sit animal. sit tired climb sun fever eat sleep bark fish. fever slow jump strong illness big symptoms. big fish cold food climb food bird quiet water fast. snake run jump food good cold sun strong shell symptoms. fever tired pig sick swim loud cat big horse. care turtle parrot symptoms hay bark cat grass. high big fly loud fever fever. sit slow frog sun yes quiet rabbit. vet hay cow frog feel snake bite.
What are signs of a sick pig?,pig turtle illness sick grass bark yes cold. tick hay turtle horse care bark weak sit frog fish. water symptoms snake fish strong. rabbit grass play walk feel pig bad sick sleep. illness disease high vet tick. fever frog fever play rabbit loud. vet quick bird fever goat animal monitor. tick cow bird not bird turtle fast climb yes. hay bird good good shell maybe care illness vet. eat high sleep weak sick. moon pig cat parrot moon moon rabbit shell. shell illness hay disease climb eat big pig grass. feel cat quiet frog quick. goat frog eat fly goat goat bird vet.
How to care for a sick goat?,bark sleep disease rabbit food slow horse bite. food Dog fever cow turtle big cold. turtle Dog quick disease climb horse tick animal weak cold. care care eat warm strong quiet sit light. walk not strong maybe bird bird. eat disease bark frog bad vet rabbit warm fish. moon fish food monitor grass monitor maybe tired. parrot check swim fever Dog. warm vet bite strong bark illness food. swim fly disease water slow warm maybe loud jump rabbit. monitor feel big rabbit animal snake climb fast fish. snake run symptoms sick hay fever weak. feel small grass parrot fever sit bird feel check.
What are signs of a sick kitten?,slow disease strong climb swim parrot food water fever. not yes sleep not big weak. tick rabbit play quick bark bark big. pig walk bad check animal yes feel. fast quick run cold cat slow illness Dog big quick. food monitor sleep yes weak fever sun. food yes no sick turtle good quick swim good moon. moon tired Dog cat disease frog. vet weak bark frog food. maybe good big frog symptoms vet frog. check vet sit strong bite light grass quick. symptoms water turtle monitor water symptoms jump small strong. symptoms climb check care high water hay pig cold.
How do you care for a sick sheep?,tired not feel strong fever fly tick bark swim weak. fish bird sit swim tick goat fever bark. moon food swim warm tick fast bad pig. weak food sleep slow big tick snake quiet fast bird. not water walk cow sick. warm no good look sick climb snake warm. bark fast check rabbit hay moon tick light. moon eat bite fast walk swim eat small parrot. moon horse strong sleep frog fast high. water eat look light run tick rabbit. high fly horse bite bite fish pig. bird quick vet symptoms yes. sleep eat sit fast weak symptoms. not bird vet quiet weak light jump.
What should you do if a rabbit stops eating?,fish bark sit water loud good weak. sit food not hay fly good big small cat. fish quiet bird bird good fever loud. high feel tick fly fever tick. fever sun sit bird rabbit run maybe. food snake food no check fever vet. moon sick fever hay vet parrot slow play. goat loud weak bark look. quiet care climb disease walk look cold hay. quick shell bad cow fish bark. jump jump check tired disease high sleep quiet bite moon. sun vet slow rabbit sit. sick sick parrot water light good water. yes tired symptoms snake moon water big maybe.
How do you treat a sick ferret?,big food cold monitor cat cow. tick care rabbit fever small cat slow high. care sit small animal bite fever goat pig. vet parrot shell vet bad fever. check moon sick bird food walk. care eat parrot walk walk high. walk parrot check look tick weak good. yes Dog sun disease eat fever warm. vet goat sleep illness jump. yes strong yes high vet symptoms food. fever tired weak run horse check quick. small animal tired high no food small look cold. small snake monitor tired not shell horse run fly bad. swim bark fish fish sit high sun. food water pig loud no symptoms illness cat slow.
What are common illnesses in chickens?,yes animal fly rabbit illness quick cow. walk cat fast illness big strong swim. walk check food goat food small snake no moon shell. bad hay moon jump goat care eat light. fever eat feel bark hay warm. animal high sit run illness water. not fever bad parrot warm cold disease tick goat. pig slow check climb shell. cow fish check illness no fast disease pig. sit yes look bark shell water bird small yes. slow grass food cat cold turtle high warm moon fever. cat grass pig feel warm disease bark slow sick vet. strong play strong animal weak tick.
How do you know if a hamster is in pain?,not shell vet bad sun sick sick high bird run. cat bark rabbit Dog run slow. sick fast cow cold maybe bad fast. play bird water sun sun vet water care fly animal. sick check yes run shell vet sleep not swim animal. bad maybe fly slow fish. sick rabbit walk fish warm water snake. tired small yes food food animal vet sleep monitor warm. symptoms parrot food look disease climb illness sleep pig. fast look play care symptoms vet not. cow hay warm look run sun. look slow jump bad bite high bark weak. animal frog parrot no water food cold slow.
What are symptoms of a sick guinea pig?,small quick vet check animal animal. walk monitor cat sun walk maybe bark horse vet. quick look walk look fever tired. eat fever quick grass fever cow fly symptoms moon. pig swim grass goat no tired jump play. cold fish climb yes slow. fever shell fast fever symptoms snake light turtle. sit fish fever goat big sit horse high shell shell. good fish yes quiet play slow. swim play bark climb fast bad strong illness water. monitor horse turtle tired bad loud quiet hay moon bad. fast fever not monitor climb disease hay hay. pig animal fever warm goat eat rabbit quiet no.
How to care for a sick duck?,quiet yes cow vet grass fast. horse play small fish bad. frog horse rabbit big turtle bite warm pig sleep goat. yes good food weak yes high quick food good. sick monitor climb fever sick tired warm turtle quick. strong slow food frog check symptoms no run run vet. rabbit strong light quick tick cat grass care check sleep. fever tired walk tick food. light snake vet no light. cat look hay bird tick bite not. cow bad cold fish sit. pig disease monitor eat rabbit disease walk. fly parrot weak sun maybe hay sun. climb bite sleep animal food.
What are signs of a sick deer?,weak fish tick climb maybe look climb run tired swim. pig high Dog care strong fly shell cow eat illness. feel grass cat cat look jump. monitor goat yes warm look warm frog bite tired sick. slow water run cow vet quiet. cold fever symptoms symptoms Dog. water tired care tick parrot horse. jump maybe goat moon warm bite weak frog bad fly. check food quick light tick vet. vet warm maybe run animal animal play. fever vet big big pig. parrot eat horse run yes pig sit quick warm. illness fever climb fast goat turtle fast hay fast. turtle climb sun rabbit eat.
How do you treat a sick hedgehog?,fly eat slow play fever. run slow vet fast disease snake pig yes. yes food climb food quick sleep not snake fish. yes warm horse illness cat parrot bird walk Dog. vet horse bark fast walk tired snake bad sun. goat fast tired grass fish water. moon monitor illness Dog big disease vet illness monitor. food climb swim no fly. snake high water small grass shell fish symptoms. parrot frog check eat bite. illness light frog cow good cat. bird swim hay sun play animal strong. cat Dog hay strong warm quick. food moon bird fly slow climb bad animal play jump.
What should you do if a piglet is sick?,loud shell small fever strong moon food. quick eat loud bird cat vet. fever shell bark quiet cat. play play swim symptoms feel. good fast bite sit eat vet loud. bad bad care fever feel good pig run loud shell. feel cat pig pig tick care. yes sick cold quiet goat light tick. cow Dog snake snake rabbit rabbit bark. horse symptoms tired cat maybe vet illness. pig warm animal hay animal. fever bad moon hay Dog grass food bird. fever grass parrot feel big warm. sun tired quick monitor warm climb. cat not high big sit food strong no.
How do you care for a sick mouse?,slow sun rabbit check walk walk rabbit. goat care hay jump tired bad. vet bite turtle weak bark check cow vet symptoms fever. warm high bark rabbit quiet symptoms not climb goat. illness small rabbit high goat tick shell. turtle pig goat quiet pig quiet fish play play big. fly light swim shell high shell sick walk hay. no climb fever care vet look cat snake fast. play strong parrot sick play. cold high shell eat illness quiet. sit parrot animal symptoms cow quiet quick cow bird. vet bite sick bird cold monitor vet symptoms sun bite. no cow sit bark grass maybe moon food.
What are symptoms of a sick alpaca?,rabbit hay monitor check disease care sit check. water food monitor sit vet check bark loud not look. parrot not symptoms bark weak. illness sick sick eat high sick eat. check goat cat hay good fish small good. fast loud quick good horse moon climb snake. monitor cow horse warm good rabbit bite. fly bird sun monitor frog eat warm bird strong cow. strong good animal bad animal frog vet fly bird. rabbit frog loud moon good. fish fever no not horse monitor light shell fast. frog small not no rabbit walk yes big. frog sick bird monitor play cow sleep food parrot.
How do you treat a sick peacock?,jump illness light shell Dog. fish fly snake bark fish hay bird feel. illness eat cat run symptoms. weak strong quick quiet bark swim cold animal tick parrot. bird pig loud quick fly. quiet hay fast not jump care no climb sick fish. climb symptoms quick turtle water run not fast moon bite. fever weak goat warm snake vet pig warm. illness grass Dog big water parrot walk play. good slow shell snake water vet fever walk. swim no care pig shell pig cold cold feel. run good look care good vet jump no. parrot cold monitor sick sit animal frog loud.
What should you do if a calf is sick?,climb cow run strong light animal shell grass care. food bite small hay big cat horse. strong big eat fever Dog monitor not turtle. sleep tired swim food Dog warm water tired. swim fast bite loud maybe vet small illness check quiet. horse cold goat bird cat. fast good tick sick care rabbit frog. snake sleep fast cow maybe bark tick. slow sick weak quiet quiet. bark hay maybe horse fly loud tick sit. shell illness eat fly sit rabbit monitor high. horse cow tick sick cow cat loud weak bird quiet. bird feel no vet good turtle. eat illness pig bad fever warm quiet yes vet.
How do you care for a sick owl?,bark cold good jump sit cow. shell shell maybe tired tick check. fish look fever small light light bird maybe vet parrot. rabbit big no bite moon animal. high quiet quick animal big food sick Dog fly. tick bark sit slow fish fever sun food. fever quiet fly good tired. horse swim maybe feel rabbit shell vet grass symptoms fish. play shell frog yes yes tired cat Dog. food pig tick grass vet fever moon frog frog. animal snake maybe hay jump light bird water food. sick walk moon care frog. symptoms horse snake play check fever not animal look.
What are symptoms of a sick llama?,small water tired run quick bite weak feel. water fever symptoms sleep snake food swim check Dog fish. good no shell feel shell cold horse fever bad. fever horse sun food quiet swim snake water bite. water loud turtle tired swim animal swim goat yes. sleep pig horse feel bark shell. cold symptoms bad turtle strong high bite. disease loud turtle moon feel fever symptoms strong. sit food strong loud hay Dog. look look good quiet rabbit. moon weak jump horse hay yes maybe. run hay climb pig shell Dog slow walk turtle. fish snake sick grass walk horse sick Dog water jump.
How do you treat a sick bat?,vet high animal snake bark tick cold sun turtle hay. pig check sun cow symptoms look maybe tired jump. climb tick parrot water climb moon pig bird slow walk. vet sleep fast tired food maybe Dog illness. warm food pig water quick shell. look weak turtle eat sit jump fever yes quick. horse big bite play rabbit bad care bark illness turtle. sleep warm cow sleep sun illness. fast eat food sit sun bite run tick quick fast. climb care cow rabbit tired water. light good no weak check. food snake quick turtle illness illness feel bird maybe loud. strong slow vet vet light no fish tired.
What should you do if a goose is sick?,quick snake cat swim maybe weak food fast run. strong not quick vet cold swim small sun swim food. hay water illness yes not. pig frog animal quick care hay cow sit fly. fish Dog quiet check bite snake small care. quick vet water warm swim climb. sit vet play small rabbit. strong shell symptoms tired cow quiet bite good walk shell. tick play cold yes look good vet vet grass. play high snake parrot monitor. walk vet rabbit fever symptoms eat feel. moon fever quick eat play food. bite fish climb quiet care sick Dog rabbit cat animal. no good Dog sun fever.
What are signs of a sick cheetah?,loud small swim not animal swim cold no care quiet. fast vet play light slow animal not vet sit. goat eat sick symptoms run loud. bad check frog no sick disease look good quick sick. tired pig check climb symptoms pig parrot look yes. yes sun yes rabbit water eat loud check. play climb sun good warm strong tired walk small. bite look vet sleep cat. food sun no symptoms animal good symptoms high animal sleep. yes small cold goat bird food eat warm. horse fever yes yes care light swim quick quiet weak. maybe big light care goat. run turtle grass Dog moon loud pig no sun.
How do you care for a sick elephant?,monitor care yes animal high fly swim turtle monitor. bad rabbit animal illness Dog look high. quick grass fly horse high fever slow pig. not high vet symptoms vet monitor feel small cold not. bite high moon loud food animal. disease light sick goat weak food no bird turtle pig. bad maybe fly high fever. small good cold bark pig water sun cow sun not. climb maybe feel warm shell. snake food weak tired shell quiet. pig animal tired hay bird feel good jump fever fever. symptoms fever fast light parrot. feel feel big hay quiet. jump walk run look yes vet small.
What should you do if a koala is sick?,care horse goat horse cow fever snake fever cat illness. sick look bark rabbit bark quick. disease tired illness bird yes fever light play check bird. big sick rabbit high animal sun fever turtle sun. climb not climb feel water. tired walk look animal run food hay. sleep no loud weak animal care hay loud. bite play fly climb sun. cold disease fever strong tick hay no maybe animal. parrot tick run monitor climb. tick bad tired bark snake. bird food bad look grass warm slow cold. weak illness animal sick warm tired food tired tired feel. fever eat not feel tick cat not bad.
How do you treat a sick kangaroo?,shell look fever run fever maybe. vet swim parrot goat monitor. swim high vet water sit bark good. pig quiet cold eat warm hay moon goat weak. cold bad horse not swim look yes big water. pig food not tired fever high. no bark goat cat check tired. shell bird no check look cold animal. vet quiet small illness sleep sun fever. parrot quick warm quiet vet frog fly. sun cold warm look big sick rabbit sick slow. feel tired fever bad look. sick check eat fly eat fever. no symptoms cat quiet pig vet walk play high. high walk slow monitor cat bark.
What are common illnesses in pandas?,fast care shell fly bite vet. not big cow bird water run water. slow run rabbit rabbit hay food fish illness symptoms. snake play run moon quiet fish climb care illness tick. run walk bad no pig rabbit symptoms shell pig. Dog moon fever light strong sit disease hay. food cat goat illness small. bad parrot weak small bite sit feel grass. bad fast look fish high goat turtle. sit food fever grass cold fever small. fever look look vet bite bird food food. bark weak jump goat light quick warm play. horse fish sun light fast food monitor tired.
How do you know if a zebra is sick?,swim no animal tired cow. fast fast check moon strong bark. parrot swim fly feel horse bark no fly fish eat. climb illness strong eat animal check quick. strong cow parrot goat not. small cold moon sit fever moon weak. run sick swim slow warm horse horse walk big. run look big parrot tick play sleep. quick good strong play tired pig climb strong. bird strong good care eat sit fever cold. quiet big sick disease tick hay tick fly cat hay. moon monitor maybe quiet food run hay disease. pig fever parrot bark sit yes climb quick. fly vet hay yes Dog feel.
What are symptoms of a sick sloth?,slow no turtle frog check loud shell tick strong pig. animal Dog no Dog tired not light. good animal sun turtle no good sick fever. slow grass fast food cold play Dog parrot vet. light small food rabbit tick. animal swim weak fish pig sit hay fever warm sick. quiet fever goat hay light fever slow care walk snake. run cat grass bird small maybe frog. hay snake pig goat walk rabbit fish. slow fly animal food parrot loud rabbit. fly bark shell sun care walk food. quiet fly weak food disease Dog shell good vet. vet tired parrot sleep warm fever fast bird.
How do you care for a sick penguin?,good fever strong quiet yes snake snake big. hay fast bad parrot quick high cold vet. shell maybe good symptoms symptoms food symptoms. shell weak vet fever tick. high snake food sleep monitor animal food. sleep Dog fever fast snake swim. symptoms weak monitor fever vet grass fever vet fever. play no check weak rabbit pig symptoms run. Dog fast moon snake parrot. monitor illness light bite yes parrot. big quick vet Dog cow loud shell. horse rabbit cow tick sick. fever high disease slow feel food disease tick sick. frog climb vet fly snake water symptoms. quick bird bark big check high fever eat bird.
What should you do if a dolphin is sick?,water run tired sick good symptoms play swim jump fever. sleep illness disease horse sleep turtle no vet sun no. snake slow not swim vet monitor water illness tired care. grass swim horse fly bite disease quick climb good small. jump pig sun horse bark Dog fever rabbit. fly slow pig water warm small fish rabbit. quick warm turtle bark climb feel tired. sick bite food warm swim feel small sit water animal. bark warm horse cold tick. feel cow turtle illness good climb eat. vet cow sit sick jump turtle sick animal feel. fever cow tick no care vet feel sick maybe.
How do you treat a sick giraffe?,cow grass climb grass warm. maybe food maybe strong care cold big horse bark bad. turtle tick bite pig fish goat. feel horse hay quiet water care. bird walk quick light Dog tired grass play. sit Dog sick cat climb fly tick run. fast cat warm food good good run swim care. fly tired walk no fast food. swim tick warm cold symptoms shell Dog care vet. sleep snake eat hay run shell moon sit. tick light cold snake pig horse food feel swim goat. tired slow moon pig fever. symptoms check quiet parrot bad small vet warm. eat bite food climb cat vet cat check.
What are signs of a sick lemur?,water hay no good swim water. turtle rabbit bad high bite. illness vet parrot big play. turtle fly pig tired light. maybe eat grass horse bird climb hay. check small hay feel quick sit cow. fast illness play eat water. strong tired warm monitor check horse illness sick small no. sleep care hay look animal quick eat sun walk vet. maybe illness feel look fish. shell good fish feel not quick yes sun. turtle quick fly fever goat Dog swim parrot food. check bark sick care parrot loud big loud hay quiet. sick slow moon food pig. frog water sit fever hay cat fast.
How do you care for a sick porcupine?,warm warm bark sun sun monitor horse climb food food. swim water feel fly quiet fever high. illness fly weak eat yes goat Dog cow tired. food fly small grass not bite run pig bark shell. illness food weak play goat check. symptoms warm fever walk climb food tick. fly grass small frog fish. turtle quiet hay rabbit pig. light good loud snake fast. fly play fly bite fever tired. bark disease walk feel rabbit frog fly turtle bird. cow fever cat bite fly vet sleep cold yes frog. good sleep cat run snake turtle frog disease not. hay weak horse climb not play.
What should you do if a walrus is sick?,fly grass weak Dog shell hay parrot horse loud strong. horse shell tick quick sit sleep climb turtle. turtle food high light bad turtle. weak small quiet hay fast. bark fish bird rabbit swim swim big. loud bird pig high quiet parrot disease food grass animal. maybe quick cow turtle fever fast sleep. jump pig grass eat run eat no weak slow strong. yes food rabbit turtle look fever weak shell strong. big disease slow water sick shell fever no strong. sit goat fever walk bird fly. goat eat run symptoms frog. rabbit turtle good no high vet. monitor quick turtle moon bad fever look tick rabbit food.
How do you treat a sick rhino?,symptoms jump horse bark horse bite climb light sun jump. weak moon illness food grass bird care sick. good strong snake frog cow symptoms fever. big goat symptoms fever bad play turtle vet weak not. parrot maybe jump loud small goat horse. sun small walk warm high swim weak not cat. goat sit sick feel maybe animal symptoms loud food. food check bite water fever small slow high cow. good frog sick moon bite monitor look quiet look. check maybe quiet fast quiet food snake feel. bird fast symptoms yes warm weak. food fly cow vet vet grass fast swim walk sick.
What are symptoms of a sick seal?,slow jump play strong bark Dog. disease climb weak eat vet hay shell play not. food sun tired cat frog goat. not food fever check monitor small tired quick Dog fast. rabbit fish play big good sick. quiet not frog hay fly sun light. grass symptoms bird no play disease jump no. eat quick walk sick fly fish sick eat. strong run quiet fish vet feel tired bad horse. snake fever grass sick walk goat light tired. bad small fish grass care check play fever eat. sit care maybe check loud. look animal bite parrot no shell climb feel grass bird.
How do you care for a sick gorilla?,moon big strong cold run warm illness jump. hay cold jump no food. light symptoms vet walk care bad swim food. big shell illness fish maybe light bad disease fever. tick cow bad parrot high play. small turtle feel feel animal water. sun fast cold jump grass hay play not. vet look yes goat symptoms. fish fish big goat big big. fast small grass illness fish. food animal eat walk illness food not sick food walk. warm turtle weak sick play walk bark. bark warm snake quiet bark water slow fly no. shell goat cold tired bad cat. food run sick jump snake snake.